rollno,name,email,mobile,daa,os,bhr,mp,ptbr
4205,Sahil,sahil@gmail.com,2938272626,20,19,18,17,16
4238,Samid,samid@gmail.com,2938271536,16,17,18,19,20
4253,Rayed,rayed@gmail.com,7112621093,20,19,18,17,16
4256,Harshal,harshal@gmail.com,1092735463,16,17,18,19,20
4264,Gaurav,gaurav@gmail.com,1827364039,20,19,18,17,16
4265,Akash,akash@gmail.com,1020374635,16,17,18,19,20
4267,Shivam,shivam@gmail.com,2344334333,20,19,18,17,16
4274,Swapnil,swapnil@gmail.com,2345678976,16,17,18,19,20
4241,Ganesh,ganesh@gmail.com,2829304657,20,19,18,17,16
